Group,Mean,Std,SEM,Mean_with_uncertainty,Source
A 1 BSUVs,132.16666666666666,3.4034296427770228,1.9649710204252662,132.2+/-2.0,/Users/wverstra/Desktop/Main_author_projects/Secantigami/Nano letters submission/Gallery proof/Code/data/250827_Linus_Peaks_reformatted.txt
A 1 BSUVs Bio,131.96666666666667,3.0435724623102636,1.7572073804129629,132.0+/-1.8,/Users/wverstra/Desktop/Main_author_projects/Secantigami/Nano letters submission/Gallery proof/Code/data/250827_Linus_Peaks_reformatted.txt
A 1 BSUVs Bio 4KL,189.03333333333333,5.16946160961984,2.984590051879451,189.0+/-3.0,/Users/wverstra/Desktop/Main_author_projects/Secantigami/Nano letters submission/Gallery proof/Code/data/250827_Linus_Peaks_reformatted.txt
A 2 DSUVs,144.16666666666666,2.1939310229205873,1.2666666666666722,144.2+/-1.3,/Users/wverstra/Desktop/Main_author_projects/Secantigami/Nano letters submission/Gallery proof/Code/data/250827_Linus_Peaks_reformatted.txt
A 2 DSUVs Bio,143.03333333333333,1.3316656236958775,0.7688375063113858,143.0+/-0.8,/Users/wverstra/Desktop/Main_author_projects/Secantigami/Nano letters submission/Gallery proof/Code/data/250827_Linus_Peaks_reformatted.txt
A 2 DSUVs Bio 4KL,143.4,2.535744466621189,1.4640127503998475,143.4+/-1.5,/Users/wverstra/Desktop/Main_author_projects/Secantigami/Nano letters submission/Gallery proof/Code/data/250827_Linus_Peaks_reformatted.txt
A 3 BSUVs,131.63333333333333,1.8717193521821958,1.0806376718298227,131.6+/-1.1,/Users/wverstra/Desktop/Main_author_projects/Secantigami/Nano letters submission/Gallery proof/Code/data/250827_Linus_Peaks_reformatted.txt
A 3 BSUVs NBio,128.23333333333332,2.0404247923737175,1.178039803138152,128.2+/-1.2,/Users/wverstra/Desktop/Main_author_projects/Secantigami/Nano letters submission/Gallery proof/Code/data/250827_Linus_Peaks_reformatted.txt
A 3 BSUVs NBio 4KL,130.36666666666665,3.007213549672421,1.7362155524140623,130.4+/-1.7,/Users/wverstra/Desktop/Main_author_projects/Secantigami/Nano letters submission/Gallery proof/Code/data/250827_Linus_Peaks_reformatted.txt
A 4 BSUVs,128.8,0.9539392014169495,0.5507570547286125,128.8+/-0.6,/Users/wverstra/Desktop/Main_author_projects/Secantigami/Nano letters submission/Gallery proof/Code/data/250827_Linus_Peaks_reformatted.txt
A 4 BSUVs Bio,130.20000000000002,1.946792233393186,1.1239810200058287,130.2+/-1.1,/Users/wverstra/Desktop/Main_author_projects/Secantigami/Nano letters submission/Gallery proof/Code/data/250827_Linus_Peaks_reformatted.txt
A 4 BSUVs Bio 1KL,145.76666666666668,3.8552993831002618,2.2258581366395345,145.8+/-2.2,/Users/wverstra/Desktop/Main_author_projects/Secantigami/Nano letters submission/Gallery proof/Code/data/250827_Linus_Peaks_reformatted.txt
A 5 DSUVs,143.96666666666667,1.4742229591663902,0.8511430223202421,144.0+/-0.9,/Users/wverstra/Desktop/Main_author_projects/Secantigami/Nano letters submission/Gallery proof/Code/data/250827_Linus_Peaks_reformatted.txt
A 5 DSUVs NBio,146.0,5.850640990524038,3.377869150810912,146.0+/-3.4,/Users/wverstra/Desktop/Main_author_projects/Secantigami/Nano letters submission/Gallery proof/Code/data/250827_Linus_Peaks_reformatted.txt
A 5 DSUVs NBio 4KL,143.4333333333333,2.2233608194203107,1.2836579675979833,143.4+/-1.3,/Users/wverstra/Desktop/Main_author_projects/Secantigami/Nano letters submission/Gallery proof/Code/data/250827_Linus_Peaks_reformatted.txt
A 6 DSUVs,141.03333333333333,3.5641735835019808,2.0577765778734216,141.0+/-2.1,/Users/wverstra/Desktop/Main_author_projects/Secantigami/Nano letters submission/Gallery proof/Code/data/250827_Linus_Peaks_reformatted.txt
A 6 DSUVs Bio,145.03333333333333,1.0785793124908933,0.6227180564089788,145.0+/-0.6,/Users/wverstra/Desktop/Main_author_projects/Secantigami/Nano letters submission/Gallery proof/Code/data/250827_Linus_Peaks_reformatted.txt
A 6 DSUVs Bio 1KL,145.60000000000002,3.1048349392519996,1.7925772879664974,145.6+/-1.8,/Users/wverstra/Desktop/Main_author_projects/Secantigami/Nano letters submission/Gallery proof/Code/data/250827_Linus_Peaks_reformatted.txt
A 7 BSUVs,131.86666666666665,1.0408329997330663,0.6009252125773316,131.9+/-0.6,/Users/wverstra/Desktop/Main_author_projects/Secantigami/Nano letters submission/Gallery proof/Code/data/250827_Linus_Peaks_reformatted.txt
A 7 BSUVs 4KL,131.0666666666667,2.9704096238285693,1.7149667959208796,131.1+/-1.7,/Users/wverstra/Desktop/Main_author_projects/Secantigami/Nano letters submission/Gallery proof/Code/data/250827_Linus_Peaks_reformatted.txt
A 8 BSUVs,130.66666666666669,0.3214550253664298,0.18559214542766622,130.67+/-0.19,/Users/wverstra/Desktop/Main_author_projects/Secantigami/Nano letters submission/Gallery proof/Code/data/250827_Linus_Peaks_reformatted.txt
A 8 BSUVs 1KL,130.06666666666666,3.7233497463082084,2.149676978318169,130.1+/-2.1,/Users/wverstra/Desktop/Main_author_projects/Secantigami/Nano letters submission/Gallery proof/Code/data/250827_Linus_Peaks_reformatted.txt
B 1 BSUVs,128.1,0.9643650760992997,0.5567764362830047,128.1+/-0.6,/Users/wverstra/Desktop/Main_author_projects/Secantigami/Nano letters submission/Gallery proof/Code/data/250905_Linus_Peaks_1to8_reformatted.txt
B 1 BSUVs Bio,127.83333333333333,0.8621678104251652,0.4977728174355994,127.8+/-0.5,/Users/wverstra/Desktop/Main_author_projects/Secantigami/Nano letters submission/Gallery proof/Code/data/250905_Linus_Peaks_1to8_reformatted.txt
B 1 BSUVs Bio 4KL,138.5,1.6643316977093205,0.9609023536933031,138.5+/-1.0,/Users/wverstra/Desktop/Main_author_projects/Secantigami/Nano letters submission/Gallery proof/Code/data/250905_Linus_Peaks_1to8_reformatted.txt
B 2 DSUVs,143.56666666666666,0.7094598884597465,0.4096068575814765,143.6+/-0.4,/Users/wverstra/Desktop/Main_author_projects/Secantigami/Nano letters submission/Gallery proof/Code/data/250905_Linus_Peaks_1to8_reformatted.txt
B 2 DSUVs Bio,141.93333333333334,1.4364307617610097,0.8293236869749782,141.9+/-0.8,/Users/wverstra/Desktop/Main_author_projects/Secantigami/Nano letters submission/Gallery proof/Code/data/250905_Linus_Peaks_1to8_reformatted.txt
B 2 DSUVs Bio 4KL,143.70000000000002,3.3045423283716624,1.907878402833892,143.7+/-1.9,/Users/wverstra/Desktop/Main_author_projects/Secantigami/Nano letters submission/Gallery proof/Code/data/250905_Linus_Peaks_1to8_reformatted.txt
B 3 BSUVs,127.89999999999999,2.816025568065743,1.6258331197676257,127.9+/-1.6,/Users/wverstra/Desktop/Main_author_projects/Secantigami/Nano letters submission/Gallery proof/Code/data/250905_Linus_Peaks_1to8_reformatted.txt
B 3 BSUVs NBio,127.26666666666665,3.320140559273554,1.916884045643981,127.3+/-1.9,/Users/wverstra/Desktop/Main_author_projects/Secantigami/Nano letters submission/Gallery proof/Code/data/250905_Linus_Peaks_1to8_reformatted.txt
B 3 BSUVs NBio 4KL,129.20000000000002,2.3065125189341624,1.3316656236958806,129.2+/-1.3,/Users/wverstra/Desktop/Main_author_projects/Secantigami/Nano letters submission/Gallery proof/Code/data/250905_Linus_Peaks_1to8_reformatted.txt
B 4 BSUVs,126.26666666666667,1.7502380790433436,1.010500426081608,126.3+/-1.0,/Users/wverstra/Desktop/Main_author_projects/Secantigami/Nano letters submission/Gallery proof/Code/data/250905_Linus_Peaks_1to8_reformatted.txt
B 4 BSUVs Bio,129.29999999999998,0.3605551275463942,0.20816659994661055,129.30+/-0.21,/Users/wverstra/Desktop/Main_author_projects/Secantigami/Nano letters submission/Gallery proof/Code/data/250905_Linus_Peaks_1to8_reformatted.txt
B 4 BSUVs Bio 1KL,147.8,5.109794516416484,2.950141239556731,147.8+/-3.0,/Users/wverstra/Desktop/Main_author_projects/Secantigami/Nano letters submission/Gallery proof/Code/data/250905_Linus_Peaks_1to8_reformatted.txt
B 5 DSUVs,143.66666666666666,1.1930353445448763,0.6887992773257222,143.7+/-0.7,/Users/wverstra/Desktop/Main_author_projects/Secantigami/Nano letters submission/Gallery proof/Code/data/250905_Linus_Peaks_1to8_reformatted.txt
B 5 DSUVs NBio,141.66666666666666,1.607275126832159,0.927960727138337,141.7+/-0.9,/Users/wverstra/Desktop/Main_author_projects/Secantigami/Nano letters submission/Gallery proof/Code/data/250905_Linus_Peaks_1to8_reformatted.txt
B 5 DSUVs NBio 4KL,145.06666666666666,2.653927906581745,1.5322459912748307,145.1+/-1.5,/Users/wverstra/Desktop/Main_author_projects/Secantigami/Nano letters submission/Gallery proof/Code/data/250905_Linus_Peaks_1to8_reformatted.txt
B 6 DSUVs,140.66666666666666,1.3868429375143068,0.8006941432976163,140.7+/-0.8,/Users/wverstra/Desktop/Main_author_projects/Secantigami/Nano letters submission/Gallery proof/Code/data/250905_Linus_Peaks_1to8_reformatted.txt
B 6 DSUVs Bio,144.66666666666666,4.77214137817955,2.755197109302915,144.7+/-2.8,/Users/wverstra/Desktop/Main_author_projects/Secantigami/Nano letters submission/Gallery proof/Code/data/250905_Linus_Peaks_1to8_reformatted.txt
B 6 DSUVs Bio 1KL,143.63333333333333,0.8621678104251806,0.4977728174356083,143.6+/-0.5,/Users/wverstra/Desktop/Main_author_projects/Secantigami/Nano letters submission/Gallery proof/Code/data/250905_Linus_Peaks_1to8_reformatted.txt
B 7 BSUVs,129.29999999999998,1.5394804318340645,0.8888194417315585,129.3+/-0.9,/Users/wverstra/Desktop/Main_author_projects/Secantigami/Nano letters submission/Gallery proof/Code/data/250905_Linus_Peaks_1to8_reformatted.txt
B 7 BSUVs 4KL,127.83333333333333,2.3713568549109914,1.3691035185275253,127.8+/-1.4,/Users/wverstra/Desktop/Main_author_projects/Secantigami/Nano letters submission/Gallery proof/Code/data/250905_Linus_Peaks_1to8_reformatted.txt
B 8 BSUVs,130.26666666666665,1.755942292142123,1.0137937550497034,130.3+/-1.0,/Users/wverstra/Desktop/Main_author_projects/Secantigami/Nano letters submission/Gallery proof/Code/data/250905_Linus_Peaks_1to8_reformatted.txt
B 8 BSUVs 1KL,129.06666666666666,1.6862186493255606,0.9735387911006796,129.1+/-1.0,/Users/wverstra/Desktop/Main_author_projects/Secantigami/Nano letters submission/Gallery proof/Code/data/250905_Linus_Peaks_1to8_reformatted.txt
C 1 BSUVs,130.26666666666668,1.001665280087782,0.578311719096583,130.3+/-0.6,/Users/wverstra/Desktop/Main_author_projects/Secantigami/Nano letters submission/Gallery proof/Code/data/250905_measurement9_for_barplot.txt
C 1 BSUVs Bio,130.6,1.0583005244258405,0.6110100926607812,130.6+/-0.6,/Users/wverstra/Desktop/Main_author_projects/Secantigami/Nano letters submission/Gallery proof/Code/data/250905_measurement9_for_barplot.txt
C 1 BSUVs Bio 4KL,195.6,7.39121099685296,4.267317658670379,196+/-4,/Users/wverstra/Desktop/Main_author_projects/Secantigami/Nano letters submission/Gallery proof/Code/data/250905_measurement9_for_barplot.txt
