Main Group,Overall_Mean,Propagated_SEM
1 BSUVs Bio,-0.04444444444445137,1.6547350688699847
1 BSUVs Bio 4KL,44.199999999999996,3.29376515387617
2 DSUVs Bio,-1.3833333333333258,1.2351338209099272
2 DSUVs Bio 4KL,-0.3166666666666487,1.9436506316151008
3 BSUVs NBio,-2.016666666666687,2.1063396370639422
3 BSUVs NBio 4KL,0.01666666666666572,2.0735101746662488
4 BSUVs Bio,2.2166666666666544,1.1469767022723527
4 BSUVs Bio 1KL,19.25,2.7369894247349755
5 DSUVs NBio,0.016666666666665497,2.595187854472198
5 DSUVs NBio 4KL,0.4333333333333229,1.611589967151143
6 DSUVs Bio,4.0,2.535196683143585
6 DSUVs Bio 1KL,3.76666666666668,2.041649659793112
7 BSUVs 4KL,-1.1333333333333115,1.7272328544042181
8 BSUVs 1KL,-0.9000000000000057,1.8208667044996907
