Group,Delta Mean,Delta SEM,Reference Group
A 1 BSUVs Bio,-0.19999999999998863,2.6360745226356745,A 1 BSUVs
A 1 BSUVs Bio 4KL,56.866666666666674,3.57335820886864,A 1 BSUVs
A 2 DSUVs Bio,-1.1333333333333258,1.481740718059529,A 2 DSUVs
A 2 DSUVs Bio 4KL,-0.7666666666666515,1.9359178127642158,A 2 DSUVs
A 3 BSUVs NBio,-3.4000000000000057,1.5986105077709065,A 3 BSUVs
A 3 BSUVs NBio 4KL,-1.26666666666668,2.045048220023735,A 3 BSUVs
A 4 BSUVs Bio,1.4000000000000057,1.2516655570345776,A 4 BSUVs
A 4 BSUVs Bio 1KL,16.96666666666667,2.292984469589307,A 4 BSUVs
A 5 DSUVs NBio,2.0333333333333314,3.483452948504468,A 5 DSUVs
A 5 DSUVs NBio 4KL,-0.5333333333333599,1.5402020069530558,A 5 DSUVs
A 6 DSUVs Bio,4.0,2.1499353995462807,A 6 DSUVs
A 6 DSUVs Bio 1KL,4.566666666666691,2.729061702816148,A 6 DSUVs
A 7 BSUVs 4KL,-0.7999999999999545,1.8172017560585394,A 7 BSUVs
A 8 BSUVs 1KL,-0.6000000000000227,2.1576736443576396,A 8 BSUVs
B 1 BSUVs Bio,-0.26666666666667993,0.7468452167469357,B 1 BSUVs
B 1 BSUVs Bio 4KL,10.400000000000006,1.1105554165971785,B 1 BSUVs
B 2 DSUVs Bio,-1.6333333333333258,0.9249624617007675,B 2 DSUVs
B 2 DSUVs Bio 4KL,0.13333333333335418,1.9513528071001858,B 2 DSUVs
B 3 BSUVs NBio,-0.6333333333333684,2.513519002867845,B 3 BSUVs
B 3 BSUVs NBio 4KL,1.3000000000000114,2.1015867021530825,B 3 BSUVs
B 4 BSUVs Bio,3.033333333333303,1.031719169369477,B 4 BSUVs
B 4 BSUVs Bio 1KL,21.53333333333333,3.1184041502737316,B 4 BSUVs
B 5 DSUVs NBio,-2.0,1.1556623882239778,B 5 DSUVs
B 5 DSUVs NBio 4KL,1.4000000000000057,1.6799470891138881,B 5 DSUVs
B 6 DSUVs Bio,4.0,2.869184940400713,B 6 DSUVs
B 6 DSUVs Bio 1KL,2.9666666666666686,0.9428090415820625,B 6 DSUVs
B 7 BSUVs 4KL,-1.4666666666666686,1.6323126062260405,B 7 BSUVs
B 8 BSUVs 1KL,-1.1999999999999886,1.4055445761538659,B 8 BSUVs
C 1 BSUVs Bio,0.3333333333333144,0.8412952976082665,C 1 BSUVs
C 1 BSUVs Bio 4KL,65.33333333333331,4.306326095924981,C 1 BSUVs
