Group,Mean,Std,Mean_with_std,SEM,Mean_with_uncertainty,Source
1 BSUVs,115.83333333333333,3.601851375797361,116+/-4,2.0795298613976305,115.8+/-2.1,/Users/wverstra/Desktop/Main_author_projects/Secantigami/Nano letters submission/Gallery proof/Code/data/Titration_main.txt
1 BSUVs 0,117.09999999999998,1.3228756555322954,117.1+/-1.3,0.7637626158259734,117.1+/-0.8,/Users/wverstra/Desktop/Main_author_projects/Secantigami/Nano letters submission/Gallery proof/Code/data/Titration_main.txt
1 BSUVs 0.5,150.86666666666667,0.757187779440036,150.9+/-0.8,0.4371625682867998,150.9+/-0.4,/Users/wverstra/Desktop/Main_author_projects/Secantigami/Nano letters submission/Gallery proof/Code/data/Titration_main.txt
1 BSUVs 1,183.6,2.7874719729532687,183.6+/-2.8,1.609347693943107,183.6+/-1.6,/Users/wverstra/Desktop/Main_author_projects/Secantigami/Nano letters submission/Gallery proof/Code/data/Titration_main.txt
1 BSUVs 2,210.9666666666667,2.7006172134038677,211.0+/-2.7,1.55920207513686,211.0+/-1.6,/Users/wverstra/Desktop/Main_author_projects/Secantigami/Nano letters submission/Gallery proof/Code/data/Titration_main.txt
1 BSUVs 4,229.30000000000004,6.596211033616203,229+/-7,3.8083242158898947,229+/-4,/Users/wverstra/Desktop/Main_author_projects/Secantigami/Nano letters submission/Gallery proof/Code/data/Titration_main.txt
1 BSUVs 8,271.93333333333334,6.958687615731365,272+/-7,4.017600168149019,272+/-4,/Users/wverstra/Desktop/Main_author_projects/Secantigami/Nano letters submission/Gallery proof/Code/data/Titration_main.txt
6 BSUVs,116.8,0.10000000000000142,116.80+/-0.10,0.0577350269189634,116.80+/-0.06,/Users/wverstra/Desktop/Main_author_projects/Secantigami/Nano letters submission/Gallery proof/Code/data/Titration_main.txt
6 BSUVs 0,117.76666666666667,1.4011899704655812,117.8+/-1.4,0.8089774066341071,117.8+/-0.8,/Users/wverstra/Desktop/Main_author_projects/Secantigami/Nano letters submission/Gallery proof/Code/data/Titration_main.txt
6 BSUVs 0.5,143.33333333333334,2.0207259421636903,143.3+/-2.0,1.1666666666666667,143.3+/-1.2,/Users/wverstra/Desktop/Main_author_projects/Secantigami/Nano letters submission/Gallery proof/Code/data/Titration_main.txt
6 BSUVs 1,200.73333333333332,3.650114153466077,201+/-4,2.107394389076503,200.7+/-2.1,/Users/wverstra/Desktop/Main_author_projects/Secantigami/Nano letters submission/Gallery proof/Code/data/Titration_main.txt
6 BSUVs 2,234.33333333333334,5.350077881053067,234+/-5,3.088868904811451,234.3+/-3.1,/Users/wverstra/Desktop/Main_author_projects/Secantigami/Nano letters submission/Gallery proof/Code/data/Titration_main.txt
6 BSUVs 4,274.26666666666665,10.094718090830154,274+/-10,5.828188207134175,274+/-6,/Users/wverstra/Desktop/Main_author_projects/Secantigami/Nano letters submission/Gallery proof/Code/data/Titration_main.txt
6 BSUVs 8,326.53333333333336,25.718540653258938,327+/-26,14.848606369323383,327+/-15,/Users/wverstra/Desktop/Main_author_projects/Secantigami/Nano letters submission/Gallery proof/Code/data/Titration_main.txt
