Group,Delta Mean,Delta Std,Reference Group
1 BSUVs 0,1.2666666666666657,3.8370995990895707,1 BSUVs
1 BSUVs 0.5,35.03333333333336,3.6805796644912707,1 BSUVs
1 BSUVs 1,67.76666666666668,4.554484969053398,1 BSUVs
1 BSUVs 2,95.13333333333338,4.501851470969096,1 BSUVs
1 BSUVs 4,113.46666666666673,7.515539457240144,1 BSUVs
1 BSUVs 8,156.10000000000002,7.8356025082099725,1 BSUVs
6 BSUVs 0,0.9666666666666828,1.4047538337136998,6 BSUVs
6 BSUVs 0.5,26.533333333333346,2.023198787399136,6 BSUVs
6 BSUVs 1,83.93333333333332,3.6514837167011134,6 BSUVs
6 BSUVs 2,117.53333333333337,5.351012365275684,6 BSUVs
6 BSUVs 4,157.46666666666664,10.095213387211466,6 BSUVs
6 BSUVs 8,209.73333333333335,25.718735064799215,6 BSUVs
